APL,thickness,bending,tilt,zorder,compress
0.746226,3.596991408,10.1403,14.3075,0.172084,24.32494896
0.731945,3.65263675,10.2547,14.9777,0.178494,23.76606996