APL,thickness,bending,tilt,zorder,compress,sterol.present,tails,sterol.conc
0.746226,3.596991,10.1403,14.3075,0.172084,24.324949,yes,PI,20
0.731945,3.652637,10.2547,14.9777,0.178494,23.76607,yes,PI,20
